ratio, split point, kernel, penalty param, gamma, fit time, train time, test time, train mse, test mse, train mae, test mae, accuracy, precision, recall, cv1, cv2, cv3, cv4, cv5, cv6, cv7, cv8, cv9, cv10
SVC,0.2,0.2,linear,1,0.1,74.26950001716614,13.482136726379395,3.137113094329834,0.131327627596,0.132435817157,0.131327627596,0.132435817157,0.868672372404,0.697325888922,0.372176913425,0.868613138686,0.874869655892,0.869655891554,0.861313868613,0.87369519833,0.858037578288,0.863256784969,0.863256784969,0.867293625914,0.866248693835
